{
	"channelOutputs": [
		{
			"type": "universes",
			"enabled": 1,
			"interface": "eth0",
			"threaded": 1,
			"startChannel": 1,
			"channelCount": -1,
			"universes": [
				{
					"active": 1,
					"description": "FPP Roof",
					"id": 1,
					"startChannel": 1,
					"universeCount": 1,
					"channelCount": 3600,
					"type": 5,
					"address": "10.0.2.101",
					"priority": 1,
					"monitor": 1,
					"deDuplicate": 0
				},
				{
					"active": 1,
					"description": "FPP Main",
					"id": 2,
					"startChannel": 3601,
					"universeCount": 40,
					"channelCount": 510,
					"type": 1,
					"address": "10.0.2.100",
					"priority": 2,
					"monitor": 1,
					"deDuplicate": 0
				}
			]
		}
	]
}