{
   "models" : [
      {
         "StartCorner" : "BL",
         "StrandsPerString" : 1,
         "StringCount" : 1,
         "Orientation" : "horizontal",
         "ChannelCountPerNode" : 3,
         "StartChannel" : 3625,
         "ChannelCount" : 180,
         "Type" : "Channel",
         "Name" : "01A_Piano_Righta"
      },
      {
         "StartCorner" : "BR",
         "StrandsPerString" : 1,
         "StringCount" : 1,
         "Orientation" : "horizontal",
         "ChannelCountPerNode" : 3,
         "StartChannel" : 3805,
         "ChannelCount" : 300,
         "Type" : "Channel",
         "Name" : "01B_Piano_Top"
      },
      {
         "StartCorner" : "BR",
         "StrandsPerString" : 1,
         "StringCount" : 1,
         "Orientation" : "horizontal",
         "ChannelCountPerNode" : 3,
         "StartChannel" : 4105,
         "ChannelCount" : 180,
         "Type" : "Channel",
         "Name" : "01C_Piano_Left"
      },
      {
         "StartCorner" : "BL",
         "StrandsPerString" : 1,
         "StringCount" : 1,
         "Orientation" : "custom",
         "ChannelCountPerNode" : 3,
         "StartChannel" : 4285,
         "ChannelCount" : 144,
         "Type" : "Channel",
         "data" : ",,,,,,,,,,29,,,28,,,,,,,,22,,,,21,,,,,,,,;,,,,,,,,,,,,,,,,,,,,,,,,,,,,,,,,,;,,,,,,,,,,,27,,,,,,,,,,,,,,,,,,,,,,;,,,,,,,,30,,,,,,,,,,,,,,,19,,,,20,,,,,,;,,,,,,,,,,,,,,,,,,,,,,,,,,,,,,,,,;,,,,,,,,,,,,31,,,,,,,,,,23,,,,,,,,,,,;,,,,,,,,,,,,,,,,,,,,,,,,,,,,,,,,,;,,,,,,,,,,,,,26,,,,,,,,18,,,,,,,,,,,,;,,,,,,,,,,,,,,,,,,,,,,,,,,,,,,,,,;,,,,,,,,,,,,,,32,,,,,,,,,,,,,,,,,,,;,,,,,,,,,,,,,,,,,25,,24,,,,,,,,,,,,,,;,,36,,,,,,,,,,,,,,,,,,,,,,,,,,,,,14,,;,,,,,,,,,,,,,33,,,,,,,,17,,,,,,,,,,,,;,,,,,,,,,,,,,,,,,,,,,,,,,,,,,,,,,;37,,,35,,,39,,,34,,40,,,,,,,,,,,,,,,,,,,,,,;,,,,,,,,,,,,,,,,,,,,,,16,,10,,,15,,,11,,,13;,,,,,,,,,,,,,,,,,,,,,,,,,,,,,,,,,;,,,,,,,,,,,,41,,,,,,,,9,,,,,,,,,,,,,;,,38,,,,,,,,,,,,,,,,,,,,,,,,,,,,,,,;,,,,,,,,,,,,,,,,,,,,,,,,,,,,,,,12,,;,,,,,,,,,,,,,,48,,1,,,8,,,,,,,,,,,,,,;,,,,,,,,,,,,,,,,,,,,,,,,,,,,,,,,,;,,,,,,,,,,,,42,,,,,,,,,,,,,,,,,,,,,;,,,,,,,,,,,,,,,,,,,,2,,,,,,,,,,,,,;,,,,,,,,,,,,,,,,,,,,,,,,,,,,,,,,,;,,,,,,,,,,,47,,,,,,,,,,,7,,,,,,,,,,,;,,,,,,,,,,,,,,,,,,,,,,,,,,,,,,,,,;,,,,,,44,,,,,,,,,,,,,,,,,,,,,6,,,,,,;,,,,,,,,,43,,,,,,,,,,,,,,3,,,,,,,,,,;,,,,,,,,,,,,,,,,,,,,,,,,,,,,,,,,,;,,,,,,,,,,,,,,,,,,,,,,,,,,,,,,,,,;,,,,,,,45,,,,46,,,,,,,,,,4,,,5,,,,,,,,,",
         "Name" : "01D_House_Prop_1"
      },
      {
         "StartCorner" : "BL",
         "StrandsPerString" : 1,
         "StringCount" : 1,
         "Orientation" : "custom",
         "ChannelCountPerNode" : 3,
         "StartChannel" : 4429,
         "ChannelCount" : 144,
         "Type" : "Channel",
         "data" : ",,,,,,,,,,29,,,28,,,,,,,,22,,,,21,,,,,,,,;,,,,,,,,,,,,,,,,,,,,,,,,,,,,,,,,,;,,,,,,,,,,,27,,,,,,,,,,,,,,,,,,,,,,;,,,,,,,,30,,,,,,,,,,,,,,,19,,,,20,,,,,,;,,,,,,,,,,,,,,,,,,,,,,,,,,,,,,,,,;,,,,,,,,,,,,31,,,,,,,,,,23,,,,,,,,,,,;,,,,,,,,,,,,,,,,,,,,,,,,,,,,,,,,,;,,,,,,,,,,,,,26,,,,,,,,18,,,,,,,,,,,,;,,,,,,,,,,,,,,,,,,,,,,,,,,,,,,,,,;,,,,,,,,,,,,,,32,,,,,,,,,,,,,,,,,,,;,,,,,,,,,,,,,,,,,25,,24,,,,,,,,,,,,,,;,,36,,,,,,,,,,,,,,,,,,,,,,,,,,,,,14,,;,,,,,,,,,,,,,33,,,,,,,,17,,,,,,,,,,,,;,,,,,,,,,,,,,,,,,,,,,,,,,,,,,,,,,;37,,,35,,,39,,,34,,40,,,,,,,,,,,,,,,,,,,,,,;,,,,,,,,,,,,,,,,,,,,,,16,,10,,,15,,,11,,,13;,,,,,,,,,,,,,,,,,,,,,,,,,,,,,,,,,;,,,,,,,,,,,,41,,,,,,,,9,,,,,,,,,,,,,;,,38,,,,,,,,,,,,,,,,,,,,,,,,,,,,,,,;,,,,,,,,,,,,,,,,,,,,,,,,,,,,,,,12,,;,,,,,,,,,,,,,,48,,1,,,8,,,,,,,,,,,,,,;,,,,,,,,,,,,,,,,,,,,,,,,,,,,,,,,,;,,,,,,,,,,,,42,,,,,,,,,,,,,,,,,,,,,;,,,,,,,,,,,,,,,,,,,,2,,,,,,,,,,,,,;,,,,,,,,,,,,,,,,,,,,,,,,,,,,,,,,,;,,,,,,,,,,,47,,,,,,,,,,,7,,,,,,,,,,,;,,,,,,,,,,,,,,,,,,,,,,,,,,,,,,,,,;,,,,,,44,,,,,,,,,,,,,,,,,,,,,6,,,,,,;,,,,,,,,,43,,,,,,,,,,,,,,3,,,,,,,,,,;,,,,,,,,,,,,,,,,,,,,,,,,,,,,,,,,,;,,,,,,,,,,,,,,,,,,,,,,,,,,,,,,,,,;,,,,,,,45,,,,46,,,,,,,,,,4,,,5,,,,,,,,,",
         "Name" : "01E_House_Prop_3"
      },
      {
         "StartCorner" : "BL",
         "StrandsPerString" : 1,
         "StringCount" : 1,
         "Orientation" : "custom",
         "ChannelCountPerNode" : 3,
         "StartChannel" : 4573,
         "ChannelCount" : 144,
         "Type" : "Channel",
         "data" : ",,,,,,,,,,29,,,28,,,,,,,,22,,,,21,,,,,,,,;,,,,,,,,,,,,,,,,,,,,,,,,,,,,,,,,,;,,,,,,,,,,,27,,,,,,,,,,,,,,,,,,,,,,;,,,,,,,,30,,,,,,,,,,,,,,,19,,,,20,,,,,,;,,,,,,,,,,,,,,,,,,,,,,,,,,,,,,,,,;,,,,,,,,,,,,31,,,,,,,,,,23,,,,,,,,,,,;,,,,,,,,,,,,,,,,,,,,,,,,,,,,,,,,,;,,,,,,,,,,,,,26,,,,,,,,18,,,,,,,,,,,,;,,,,,,,,,,,,,,,,,,,,,,,,,,,,,,,,,;,,,,,,,,,,,,,,32,,,,,,,,,,,,,,,,,,,;,,,,,,,,,,,,,,,,,25,,24,,,,,,,,,,,,,,;,,36,,,,,,,,,,,,,,,,,,,,,,,,,,,,,14,,;,,,,,,,,,,,,,33,,,,,,,,17,,,,,,,,,,,,;,,,,,,,,,,,,,,,,,,,,,,,,,,,,,,,,,;37,,,35,,,39,,,34,,40,,,,,,,,,,,,,,,,,,,,,,;,,,,,,,,,,,,,,,,,,,,,,16,,10,,,15,,,11,,,13;,,,,,,,,,,,,,,,,,,,,,,,,,,,,,,,,,;,,,,,,,,,,,,41,,,,,,,,9,,,,,,,,,,,,,;,,38,,,,,,,,,,,,,,,,,,,,,,,,,,,,,,,;,,,,,,,,,,,,,,,,,,,,,,,,,,,,,,,12,,;,,,,,,,,,,,,,,48,,1,,,8,,,,,,,,,,,,,,;,,,,,,,,,,,,,,,,,,,,,,,,,,,,,,,,,;,,,,,,,,,,,,42,,,,,,,,,,,,,,,,,,,,,;,,,,,,,,,,,,,,,,,,,,2,,,,,,,,,,,,,;,,,,,,,,,,,,,,,,,,,,,,,,,,,,,,,,,;,,,,,,,,,,,47,,,,,,,,,,,7,,,,,,,,,,,;,,,,,,,,,,,,,,,,,,,,,,,,,,,,,,,,,;,,,,,,44,,,,,,,,,,,,,,,,,,,,,6,,,,,,;,,,,,,,,,43,,,,,,,,,,,,,,3,,,,,,,,,,;,,,,,,,,,,,,,,,,,,,,,,,,,,,,,,,,,;,,,,,,,,,,,,,,,,,,,,,,,,,,,,,,,,,;,,,,,,,45,,,,46,,,,,,,,,,4,,,5,,,,,,,,,",
         "Name" : "01F_House_Prop_5"
      },
      {
         "StartCorner" : "BL",
         "StrandsPerString" : 1,
         "StringCount" : 1,
         "Orientation" : "horizontal",
         "ChannelCountPerNode" : 3,
         "StartChannel" : 4717,
         "ChannelCount" : 216,
         "Type" : "Channel",
         "Name" : "02A_Doorway_Right"
      },
      {
         "StartCorner" : "BR",
         "StrandsPerString" : 1,
         "StringCount" : 1,
         "Orientation" : "horizontal",
         "ChannelCountPerNode" : 3,
         "StartChannel" : 4933,
         "ChannelCount" : 300,
         "Type" : "Channel",
         "Name" : "02B_Doorway_Top"
      },
      {
         "StartCorner" : "BR",
         "StrandsPerString" : 1,
         "StringCount" : 1,
         "Orientation" : "horizontal",
         "ChannelCountPerNode" : 3,
         "StartChannel" : 5233,
         "ChannelCount" : 216,
         "Type" : "Channel",
         "Name" : "02C_Doorway_Left"
      },
      {
         "StartCorner" : "BL",
         "StrandsPerString" : 1,
         "StringCount" : 1,
         "Orientation" : "custom",
         "ChannelCountPerNode" : 3,
         "StartChannel" : 5449,
         "ChannelCount" : 144,
         "Type" : "Channel",
         "data" : ",,,,,,,,,,29,,,28,,,,,,,,22,,,,21,,,,,,,,;,,,,,,,,,,,,,,,,,,,,,,,,,,,,,,,,,;,,,,,,,,,,,27,,,,,,,,,,,,,,,,,,,,,,;,,,,,,,,30,,,,,,,,,,,,,,,19,,,,20,,,,,,;,,,,,,,,,,,,,,,,,,,,,,,,,,,,,,,,,;,,,,,,,,,,,,31,,,,,,,,,,23,,,,,,,,,,,;,,,,,,,,,,,,,,,,,,,,,,,,,,,,,,,,,;,,,,,,,,,,,,,26,,,,,,,,18,,,,,,,,,,,,;,,,,,,,,,,,,,,,,,,,,,,,,,,,,,,,,,;,,,,,,,,,,,,,,32,,,,,,,,,,,,,,,,,,,;,,,,,,,,,,,,,,,,,25,,24,,,,,,,,,,,,,,;,,36,,,,,,,,,,,,,,,,,,,,,,,,,,,,,14,,;,,,,,,,,,,,,,33,,,,,,,,17,,,,,,,,,,,,;,,,,,,,,,,,,,,,,,,,,,,,,,,,,,,,,,;37,,,35,,,39,,,34,,40,,,,,,,,,,,,,,,,,,,,,,;,,,,,,,,,,,,,,,,,,,,,,16,,10,,,15,,,11,,,13;,,,,,,,,,,,,,,,,,,,,,,,,,,,,,,,,,;,,,,,,,,,,,,41,,,,,,,,9,,,,,,,,,,,,,;,,38,,,,,,,,,,,,,,,,,,,,,,,,,,,,,,,;,,,,,,,,,,,,,,,,,,,,,,,,,,,,,,,12,,;,,,,,,,,,,,,,,48,,1,,,8,,,,,,,,,,,,,,;,,,,,,,,,,,,,,,,,,,,,,,,,,,,,,,,,;,,,,,,,,,,,,42,,,,,,,,,,,,,,,,,,,,,;,,,,,,,,,,,,,,,,,,,,2,,,,,,,,,,,,,;,,,,,,,,,,,,,,,,,,,,,,,,,,,,,,,,,;,,,,,,,,,,,47,,,,,,,,,,,7,,,,,,,,,,,;,,,,,,,,,,,,,,,,,,,,,,,,,,,,,,,,,;,,,,,,44,,,,,,,,,,,,,,,,,,,,,6,,,,,,;,,,,,,,,,43,,,,,,,,,,,,,,3,,,,,,,,,,;,,,,,,,,,,,,,,,,,,,,,,,,,,,,,,,,,;,,,,,,,,,,,,,,,,,,,,,,,,,,,,,,,,,;,,,,,,,45,,,,46,,,,,,,,,,4,,,5,,,,,,,,,",
         "Name" : "02D_House_Prop_2"
      },
      {
         "StartCorner" : "BL",
         "StrandsPerString" : 1,
         "StringCount" : 1,
         "Orientation" : "custom",
         "ChannelCountPerNode" : 3,
         "StartChannel" : 5593,
         "ChannelCount" : 144,
         "Type" : "Channel",
         "data" : ",,,,,,,,,,29,,,28,,,,,,,,22,,,,21,,,,,,,,;,,,,,,,,,,,,,,,,,,,,,,,,,,,,,,,,,;,,,,,,,,,,,27,,,,,,,,,,,,,,,,,,,,,,;,,,,,,,,30,,,,,,,,,,,,,,,19,,,,20,,,,,,;,,,,,,,,,,,,,,,,,,,,,,,,,,,,,,,,,;,,,,,,,,,,,,31,,,,,,,,,,23,,,,,,,,,,,;,,,,,,,,,,,,,,,,,,,,,,,,,,,,,,,,,;,,,,,,,,,,,,,26,,,,,,,,18,,,,,,,,,,,,;,,,,,,,,,,,,,,,,,,,,,,,,,,,,,,,,,;,,,,,,,,,,,,,,32,,,,,,,,,,,,,,,,,,,;,,,,,,,,,,,,,,,,,25,,24,,,,,,,,,,,,,,;,,36,,,,,,,,,,,,,,,,,,,,,,,,,,,,,14,,;,,,,,,,,,,,,,33,,,,,,,,17,,,,,,,,,,,,;,,,,,,,,,,,,,,,,,,,,,,,,,,,,,,,,,;37,,,35,,,39,,,34,,40,,,,,,,,,,,,,,,,,,,,,,;,,,,,,,,,,,,,,,,,,,,,,16,,10,,,15,,,11,,,13;,,,,,,,,,,,,,,,,,,,,,,,,,,,,,,,,,;,,,,,,,,,,,,41,,,,,,,,9,,,,,,,,,,,,,;,,38,,,,,,,,,,,,,,,,,,,,,,,,,,,,,,,;,,,,,,,,,,,,,,,,,,,,,,,,,,,,,,,12,,;,,,,,,,,,,,,,,48,,1,,,8,,,,,,,,,,,,,,;,,,,,,,,,,,,,,,,,,,,,,,,,,,,,,,,,;,,,,,,,,,,,,42,,,,,,,,,,,,,,,,,,,,,;,,,,,,,,,,,,,,,,,,,,2,,,,,,,,,,,,,;,,,,,,,,,,,,,,,,,,,,,,,,,,,,,,,,,;,,,,,,,,,,,47,,,,,,,,,,,7,,,,,,,,,,,;,,,,,,,,,,,,,,,,,,,,,,,,,,,,,,,,,;,,,,,,44,,,,,,,,,,,,,,,,,,,,,6,,,,,,;,,,,,,,,,43,,,,,,,,,,,,,,3,,,,,,,,,,;,,,,,,,,,,,,,,,,,,,,,,,,,,,,,,,,,;,,,,,,,,,,,,,,,,,,,,,,,,,,,,,,,,,;,,,,,,,45,,,,46,,,,,,,,,,4,,,5,,,,,,,,,",
         "Name" : "02E_House_Prop_4"
      },
      {
         "StartCorner" : "BL",
         "StrandsPerString" : 1,
         "StringCount" : 1,
         "Orientation" : "custom",
         "ChannelCountPerNode" : 3,
         "StartChannel" : 5737,
         "ChannelCount" : 144,
         "Type" : "Channel",
         "data" : ",,,,,,,,,,29,,,28,,,,,,,,22,,,,21,,,,,,,,;,,,,,,,,,,,,,,,,,,,,,,,,,,,,,,,,,;,,,,,,,,,,,27,,,,,,,,,,,,,,,,,,,,,,;,,,,,,,,30,,,,,,,,,,,,,,,19,,,,20,,,,,,;,,,,,,,,,,,,,,,,,,,,,,,,,,,,,,,,,;,,,,,,,,,,,,31,,,,,,,,,,23,,,,,,,,,,,;,,,,,,,,,,,,,,,,,,,,,,,,,,,,,,,,,;,,,,,,,,,,,,,26,,,,,,,,18,,,,,,,,,,,,;,,,,,,,,,,,,,,,,,,,,,,,,,,,,,,,,,;,,,,,,,,,,,,,,32,,,,,,,,,,,,,,,,,,,;,,,,,,,,,,,,,,,,,25,,24,,,,,,,,,,,,,,;,,36,,,,,,,,,,,,,,,,,,,,,,,,,,,,,14,,;,,,,,,,,,,,,,33,,,,,,,,17,,,,,,,,,,,,;,,,,,,,,,,,,,,,,,,,,,,,,,,,,,,,,,;37,,,35,,,39,,,34,,40,,,,,,,,,,,,,,,,,,,,,,;,,,,,,,,,,,,,,,,,,,,,,16,,10,,,15,,,11,,,13;,,,,,,,,,,,,,,,,,,,,,,,,,,,,,,,,,;,,,,,,,,,,,,41,,,,,,,,9,,,,,,,,,,,,,;,,38,,,,,,,,,,,,,,,,,,,,,,,,,,,,,,,;,,,,,,,,,,,,,,,,,,,,,,,,,,,,,,,12,,;,,,,,,,,,,,,,,48,,1,,,8,,,,,,,,,,,,,,;,,,,,,,,,,,,,,,,,,,,,,,,,,,,,,,,,;,,,,,,,,,,,,42,,,,,,,,,,,,,,,,,,,,,;,,,,,,,,,,,,,,,,,,,,2,,,,,,,,,,,,,;,,,,,,,,,,,,,,,,,,,,,,,,,,,,,,,,,;,,,,,,,,,,,47,,,,,,,,,,,7,,,,,,,,,,,;,,,,,,,,,,,,,,,,,,,,,,,,,,,,,,,,,;,,,,,,44,,,,,,,,,,,,,,,,,,,,,6,,,,,,;,,,,,,,,,43,,,,,,,,,,,,,,3,,,,,,,,,,;,,,,,,,,,,,,,,,,,,,,,,,,,,,,,,,,,;,,,,,,,,,,,,,,,,,,,,,,,,,,,,,,,,,;,,,,,,,45,,,,46,,,,,,,,,,4,,,5,,,,,,,,,",
         "Name" : "02F_House_Prop_6"
      },
      {
         "StartCorner" : "BR",
         "StrandsPerString" : 1,
         "StringCount" : 33,
         "Orientation" : "horizontal",
         "ChannelCountPerNode" : 3,
         "StartChannel" : 6487,
         "ChannelCount" : 630,
         "Type" : "Channel",
         "Name" : "03A_Joshua"
      },
      {
         "StartCorner" : "BL",
         "StrandsPerString" : 1,
         "StringCount" : 1,
         "Orientation" : "custom",
         "ChannelCountPerNode" : 3,
         "StartChannel" : 7117,
         "ChannelCount" : 144,
         "Type" : "Channel",
         "data" : ",,,,,,,,,,29,,,28,,,,,,,,22,,,,21,,,,,,,,;,,,,,,,,,,,,,,,,,,,,,,,,,,,,,,,,,;,,,,,,,,,,,27,,,,,,,,,,,,,,,,,,,,,,;,,,,,,,,30,,,,,,,,,,,,,,,19,,,,20,,,,,,;,,,,,,,,,,,,,,,,,,,,,,,,,,,,,,,,,;,,,,,,,,,,,,31,,,,,,,,,,23,,,,,,,,,,,;,,,,,,,,,,,,,,,,,,,,,,,,,,,,,,,,,;,,,,,,,,,,,,,26,,,,,,,,18,,,,,,,,,,,,;,,,,,,,,,,,,,,,,,,,,,,,,,,,,,,,,,;,,,,,,,,,,,,,,32,,,,,,,,,,,,,,,,,,,;,,,,,,,,,,,,,,,,,25,,24,,,,,,,,,,,,,,;,,36,,,,,,,,,,,,,,,,,,,,,,,,,,,,,14,,;,,,,,,,,,,,,,33,,,,,,,,17,,,,,,,,,,,,;,,,,,,,,,,,,,,,,,,,,,,,,,,,,,,,,,;37,,,35,,,39,,,34,,40,,,,,,,,,,,,,,,,,,,,,,;,,,,,,,,,,,,,,,,,,,,,,16,,10,,,15,,,11,,,13;,,,,,,,,,,,,,,,,,,,,,,,,,,,,,,,,,;,,,,,,,,,,,,41,,,,,,,,9,,,,,,,,,,,,,;,,38,,,,,,,,,,,,,,,,,,,,,,,,,,,,,,,;,,,,,,,,,,,,,,,,,,,,,,,,,,,,,,,12,,;,,,,,,,,,,,,,,48,,1,,,8,,,,,,,,,,,,,,;,,,,,,,,,,,,,,,,,,,,,,,,,,,,,,,,,;,,,,,,,,,,,,42,,,,,,,,,,,,,,,,,,,,,;,,,,,,,,,,,,,,,,,,,,2,,,,,,,,,,,,,;,,,,,,,,,,,,,,,,,,,,,,,,,,,,,,,,,;,,,,,,,,,,,47,,,,,,,,,,,7,,,,,,,,,,,;,,,,,,,,,,,,,,,,,,,,,,,,,,,,,,,,,;,,,,,,44,,,,,,,,,,,,,,,,,,,,,6,,,,,,;,,,,,,,,,43,,,,,,,,,,,,,,3,,,,,,,,,,;,,,,,,,,,,,,,,,,,,,,,,,,,,,,,,,,,;,,,,,,,,,,,,,,,,,,,,,,,,,,,,,,,,,;,,,,,,,45,,,,46,,,,,,,,,,4,,,5,,,,,,,,,",
         "Name" : "03B_House_Prop_7"
      },
      {
         "StartCorner" : "BR",
         "StrandsPerString" : 1,
         "StringCount" : 32,
         "Orientation" : "horizontal",
         "ChannelCountPerNode" : 3,
         "StartChannel" : 5881,
         "ChannelCount" : 606,
         "Type" : "Channel",
         "Name" : "04A_Eliana"
      },
      {
         "StartCorner" : "BL",
         "StrandsPerString" : 1,
         "StringCount" : 1,
         "Orientation" : "horizontal",
         "ChannelCountPerNode" : 3,
         "StartChannel" : 7261,
         "ChannelCount" : 276,
         "Type" : "Channel",
         "Name" : "05A_Garage_Left"
      },
      {
         "StartCorner" : "BL",
         "StrandsPerString" : 1,
         "StringCount" : 1,
         "Orientation" : "horizontal",
         "ChannelCountPerNode" : 3,
         "StartChannel" : 7537,
         "ChannelCount" : 276,
         "Type" : "Channel",
         "Name" : "05B_Garage_Right"
      },
      {
         "StartCorner" : "BL",
         "StrandsPerString" : 1,
         "StringCount" : 1,
         "Orientation" : "horizontal",
         "ChannelCountPerNode" : 3,
         "StartChannel" : 7813,
         "ChannelCount" : 360,
         "Type" : "Channel",
         "Name" : "06A_Driveway_Left_1"
      },
      {
         "StartCorner" : "BL",
         "StrandsPerString" : 1,
         "StringCount" : 1,
         "Orientation" : "horizontal",
         "ChannelCountPerNode" : 3,
         "StartChannel" : 8173,
         "ChannelCount" : 360,
         "Type" : "Channel",
         "Name" : "06B_Driveway_Left_2"
      },
      {
         "StartCorner" : "BL",
         "StrandsPerString" : 1,
         "StringCount" : 1,
         "Orientation" : "custom",
         "ChannelCountPerNode" : 3,
         "StartChannel" : 8533,
         "ChannelCount" : 300,
         "Type" : "Channel",
         "data" : ",,,,,,,,,,,,,,,,,,29,,,,,,28,,,,,,,,,,,,,,,,;,,,,,,,,,,,,,,30,,,,,,,,,,,,,,,,,,,,,,,,,,;,,,,,,,,,,,,,,,,,,,,,,,,,,,,,27,,,,,,,,,,,;,,,,,,,,,,,,,,,,,,,,,,,,,,,,,,,,,,,,,,,,;,,,,,,,,,31,,,,,,,,,,62,,,,61,,,,,,,,,,,,,,,,,;,,,,,,,,,,,,,,,,63,,,,,,,,,,,,,,,,,26,,,,,,,;,,,,,,,,,,,,,,,,,,,,,,,,,,,60,,,,,,,,,,,,,;,,,,,,,,,,,,64,,,,,,,,,,,,,,,,,,,,,,,,,,,,;,,,,,32,,,,,,,,,,,,,,,,,,,,,,,,,59,,,,,25,,,,,;,,,,,,,,,,,,,,,,,,,,,,,,,,,,,,,,,,,,,,,,;,,,,,,,,,,,,,,,,,,,,,,,,,,,,,,,,,,,,,,,,;,,,,,,,,65,,,,,,,,,,,,,,,,,,,,,,,,58,,,,,,,,;,,,,,,,,,,,,,,,,,,,,,,,,,,,,,,,,,,,,,,,,;,,33,,,,,,,,,,,,,,,,,,,,,,,,,,,,,,,,,,,,24,,;,,,,,,,,,,,,,,,,,,,,,,,,,,,,,,,,,,,,,,,,;,,,,,66,,,,,,,,,,,,,,,,,,,,,,,,,,,,,,57,,,,,;,,,,,,,,,,,73,74,75,,,,,,,86,,,,,95,96,97,,,,,,,,,,,,,;,,,,,,,,,,,,,,76,,,,,,,,,,,,,,98,,,,,,,,,,,,;,,,,,,,,,,,72,,,,,,,,,87,,,,,94,,,,,,,,,,,,,,,;,,,,,,,,,,,,,,77,,,,,,,,,,,,,,99,,,,,,,,,,,,;34,,,67,,,,,,,,71,79,78,,,,,,,85,,,,,93,100,,,,,,,,,,,56,,,23;,,,,,,,,,,,,,,,,,,,,,,,,,,,,,,,,,,,,,,,,;,,,,,,,,,,,70,,80,,,,,,,88,,,,,92,,,,,,,,,,,,,,,;,,,,,,,,,,,,,,81,,,,,,,,,,,,,,,,,,,,,,,,,,;,,,,,,,,,,,69,,,,82,,83,,,84,,89,,,90,,91,,,,,,,,,,,,,;35,,,68,,,,,,,,,,,,,,,,,,,,,,,,,,,,,,,,,,55,,,22;,,,,,,,,,,,,,,,,,,,,,,,,,,,,,,,,,,,,,,,,;,,,,,,,,,,,,,,,,,,,,,,,,,,,,,,,,,,,,,,,,;,,,,,,,,,,,,,,,,,,,,,,,,,,,,,,,,,,,,,,,,;,,,,,,,,,,,,,,,,,,,,,,,,,,,,,,,,,,,,,,,,;36,,,37,,,,,,,,,,,,,,,,,,,,,,,,,,,,,,,,,,54,,,21;,,,,,,,,,,,,,,,,,,,,,,,,,,,,,,,,,,,,,,,,;,,,,,,,,,,,,,,,,,,,,,,,,,,,,,,,,,,,,,,,,;,,,,,,,,,,,,,,,,,,,,,,,,,,,,,,,,,,,,,,,,;1,,,38,,,,,,,,,,,,,,,,,,,,,,,,,,,,,,,,,,,,,;,,,,,,,,,,,,,,,,,,,,,,,,,,,,,,,,,,,,,53,,,20;,,,,,,,,,,,,,,,,,,,,,,,,,,,,,,,,,,,,,,,,;,,,,,,,,,,,,,,,,,,,,,,,,,,,,,,,,,,,,,,,,;,,,,,,,,,,,,,,,,,,,,,,,,,,,,,,,,,,,,,,,,;,,,,,,,,,,,,,,,,,,,,,,,,,,,,,,,,,,,,,,,,;2,,,39,,,,,,,,,,,,,,,,,,,,,,,,,,,,,,,,,,52,,,19;,,,,,,,,,,,,,,,,,,,,,,,,,,,,,,,,,,,,,,,,;,,,,,,,,,,,,,,,,,,,,,,,,,,,,,,,,,,,,,,,,;,,,,,,,,,,,,,,,,,,,,,,,,,,,,,,,,,,,,,,,,;,,,,,,,,,,,,,,,,,,,,,,,,,,,,,,,,,,,,,,,,;,,,,,,,,,,,,,,,,,,,,,,,,,,,,,,,,,,,,,,,,;3,,,40,,,,,,,,,,,,,,,,,,,,,,,,,,,,,,,,,,51,,,18;,,,,,,,,,,,,,,,,,,,,,,,,,,,,,,,,,,,,,,,,;,,,,,,,,,,,,,,,,,,,,,,,,,,,,,,,,,,,,,,,,;,,,,,,,,,,,,,,,,,,,,,,,,,,,,,,,,,,,,,,,,;,,,,,,,,,,,,,,,,,,,,,,,,,,,,,,,,,,,,,,,,;4,,,41,,,,,,,,,,,,,,,,,,,,,,,,,,,,,,,,,,50,,,17;,,,,,,,,,,,,,,,,,,,,,,,,,,,,,,,,,,,,,,,,;,,,,,,,,,,,,,,,,,,,,,,,,,,,,,,,,,,,,,,,,;,,,,,,,,,,,,,,,,,,,,,,,,,,,,,,,,,,,,,,,,;,,,,,,,,,,,,,,,,,,,,,,,,,,,,,,,,,,,,,,,,;,,,,,,,,,,,,,,,,,,,,,,,,,,,,,,,,,,,,,,,,;5,,,42,,,,,43,,,,44,,,,,45,,,,,46,,,,,47,,,,,48,,,,,49,,,16;,,,,,,,,,,,,,,,,,,,,,,,,,,,,,,,,,,,,,,,,;,,,,,,,,,,,,,,,,,,,,,,,,,,,,,,,,,,,,,,,,;,,,,,,,,,,,,,,,,,,,,,,,,,,,,,,,,,,,,,,,,;6,,,7,,,,,8,,,,9,,,,,10,,,,,11,,,,,12,,,,,13,,,,,14,,,15",
         "Name" : "06C_RIP_Tombstone"
      },
      {
         "StartCorner" : "BR",
         "StrandsPerString" : 1,
         "StringCount" : 1,
         "Orientation" : "horizontal",
         "ChannelCountPerNode" : 3,
         "StartChannel" : 8833,
         "ChannelCount" : 864,
         "Type" : "Channel",
         "Name" : "07A_Sidewalk_Left"
      },
      {
         "StartCorner" : "BL",
         "StrandsPerString" : 1,
         "StringCount" : 1,
         "Orientation" : "horizontal",
         "ChannelCountPerNode" : 3,
         "StartChannel" : 9697,
         "ChannelCount" : 360,
         "Type" : "Channel",
         "Name" : "08A_Driveway_Right_1"
      },
      {
         "StartCorner" : "BL",
         "StrandsPerString" : 1,
         "StringCount" : 1,
         "Orientation" : "horizontal",
         "ChannelCountPerNode" : 3,
         "StartChannel" : 10057,
         "ChannelCount" : 360,
         "Type" : "Channel",
         "Name" : "08B_Driveway_Right_2"
      },
      {
         "StartCorner" : "BL",
         "StrandsPerString" : 1,
         "StringCount" : 1,
         "Orientation" : "horizontal",
         "ChannelCountPerNode" : 3,
         "StartChannel" : 10417,
         "ChannelCount" : 150,
         "Type" : "Channel",
         "Name" : "08C_Sidewalk_Right"
      },
      {
         "StartCorner" : "BL",
         "StrandsPerString" : 1,
         "StringCount" : 1,
         "Orientation" : "horizontal",
         "ChannelCountPerNode" : 3,
         "StartChannel" : 10567,
         "ChannelCount" : 75,
         "Type" : "Channel",
         "Name" : "08D_Tune_To_Sign"
      },
      {
         "StartCorner" : "BL",
         "StrandsPerString" : 16,
         "StringCount" : 2,
         "Orientation" : "vertical",
         "ChannelCountPerNode" : 3,
         "StartChannel" : 10642,
         "ChannelCount" : 2592,
         "Type" : "Channel",
         "Name" : "09_Matrix_Left"
      },
      {
         "StartCorner" : "BL",
         "StrandsPerString" : 16,
         "StringCount" : 2,
         "Orientation" : "vertical",
         "ChannelCountPerNode" : 3,
         "StartChannel" : 13234,
         "ChannelCount" : 2592,
         "Type" : "Channel",
         "Name" : "11_Matrix_Right"
      },
      {
         "StartCorner" : "BL",
         "StrandsPerString" : 1,
         "StringCount" : 1,
         "Orientation" : "custom",
         "ChannelCountPerNode" : 3,
         "StartChannel" : 15826,
         "ChannelCount" : 90,
         "Type" : "Channel",
         "data" : ",,,,,,,,,,,,,,,,,14,,,,,,,,,;,,,,,,,,,,,,15,,,,,,,,,,,,,,;,,,,,,,,,,,,,,,,,,,,,,,,,,;,,,,,,,16,,,,,,,,,,,,,,,,,,,;,,,17,,,,,,,,,,,,,,,,,13,,,,,,;,,,,,,,,,,,,,,,,,,,,,,,,,,;,,,,,,,,,,,,,,,,7,,,,,,,,,,;,,,,,,,,,,,,,,,,,,,,,,,,,,;,,18,,,,,8,,,,,,,,,,,,,,,,30,,,;,,,,,,,,,,,,,,,,,,,,,,,,,,;,,,,,,,,,,,,,,,,,,,,,,,,,,;,,,,,,,,,,2,,,,1,,,,,,,,,,,,;,,,,,,,,,,,,,,,,,,,,,,,,,,29;,,,,,,,,,,,,,,,,,,,,,12,,,,,;,19,,,,,,,,,,,,,,,,6,,,,,,,,,;,,,,,,,,,,,,,,,,,,,,,,,,,,;,,,,,,,,,3,,,,,,,,,,,,,,,,28,;,,,,,9,,,,,,,,,,,,,,,,,,,,,;20,,,,,,,,,,,,,,,,5,,,,,,,,,,;,,,,,,,,,,,,4,,,,,,,,,,,,,,;,,,,,,,,,,,,,,,,,,,,,,,,,,;,,,21,,,,,,,,,,,,,,,,11,,,,,27,,;,,,,,,,,,,,,,,,,,,,,,,,,,,;,,,,,,,,,,,10,,,,,,,,,,,,,,,;,,,,,,,,,,,,,,,,,,,,,,,,,,;,,,,,,22,,,,,,,,,,,,,,,,26,,,,;,,,,,,,,,,,,,,,,,,25,,,,,,,,;,,,,,,,,,,,,,24,,,,,,,,,,,,,;,,,,,,,,,23,,,,,,,,,,,,,,,,,",
         "Name" : "13A_Garage_Flake_1"
      },
      {
         "StartCorner" : "BL",
         "StrandsPerString" : 1,
         "StringCount" : 1,
         "Orientation" : "custom",
         "ChannelCountPerNode" : 3,
         "StartChannel" : 15916,
         "ChannelCount" : 90,
         "Type" : "Channel",
         "data" : ",,,,,,,,,,,,,,,,,14,,,,,,,,,;,,,,,,,,,,,,15,,,,,,,,,,,,,,;,,,,,,,,,,,,,,,,,,,,,,,,,,;,,,,,,,16,,,,,,,,,,,,,,,,,,,;,,,17,,,,,,,,,,,,,,,,,13,,,,,,;,,,,,,,,,,,,,,,,,,,,,,,,,,;,,,,,,,,,,,,,,,,7,,,,,,,,,,;,,,,,,,,,,,,,,,,,,,,,,,,,,;,,18,,,,,8,,,,,,,,,,,,,,,,30,,,;,,,,,,,,,,,,,,,,,,,,,,,,,,;,,,,,,,,,,,,,,,,,,,,,,,,,,;,,,,,,,,,,2,,,,1,,,,,,,,,,,,;,,,,,,,,,,,,,,,,,,,,,,,,,,29;,,,,,,,,,,,,,,,,,,,,,12,,,,,;,19,,,,,,,,,,,,,,,,6,,,,,,,,,;,,,,,,,,,,,,,,,,,,,,,,,,,,;,,,,,,,,,3,,,,,,,,,,,,,,,,28,;,,,,,9,,,,,,,,,,,,,,,,,,,,,;20,,,,,,,,,,,,,,,,5,,,,,,,,,,;,,,,,,,,,,,,4,,,,,,,,,,,,,,;,,,,,,,,,,,,,,,,,,,,,,,,,,;,,,21,,,,,,,,,,,,,,,,11,,,,,27,,;,,,,,,,,,,,,,,,,,,,,,,,,,,;,,,,,,,,,,,10,,,,,,,,,,,,,,,;,,,,,,,,,,,,,,,,,,,,,,,,,,;,,,,,,22,,,,,,,,,,,,,,,,26,,,,;,,,,,,,,,,,,,,,,,,25,,,,,,,,;,,,,,,,,,,,,,24,,,,,,,,,,,,,;,,,,,,,,,23,,,,,,,,,,,,,,,,,",
         "Name" : "13B_Garage_Flake_2"
      },
      {
         "StartCorner" : "BL",
         "StrandsPerString" : 1,
         "StringCount" : 1,
         "Orientation" : "custom",
         "ChannelCountPerNode" : 3,
         "StartChannel" : 16006,
         "ChannelCount" : 90,
         "Type" : "Channel",
         "data" : ",,,,,,,,,,,,,,,,,14,,,,,,,,,;,,,,,,,,,,,,15,,,,,,,,,,,,,,;,,,,,,,,,,,,,,,,,,,,,,,,,,;,,,,,,,16,,,,,,,,,,,,,,,,,,,;,,,17,,,,,,,,,,,,,,,,,13,,,,,,;,,,,,,,,,,,,,,,,,,,,,,,,,,;,,,,,,,,,,,,,,,,7,,,,,,,,,,;,,,,,,,,,,,,,,,,,,,,,,,,,,;,,18,,,,,8,,,,,,,,,,,,,,,,30,,,;,,,,,,,,,,,,,,,,,,,,,,,,,,;,,,,,,,,,,,,,,,,,,,,,,,,,,;,,,,,,,,,,2,,,,1,,,,,,,,,,,,;,,,,,,,,,,,,,,,,,,,,,,,,,,29;,,,,,,,,,,,,,,,,,,,,,12,,,,,;,19,,,,,,,,,,,,,,,,6,,,,,,,,,;,,,,,,,,,,,,,,,,,,,,,,,,,,;,,,,,,,,,3,,,,,,,,,,,,,,,,28,;,,,,,9,,,,,,,,,,,,,,,,,,,,,;20,,,,,,,,,,,,,,,,5,,,,,,,,,,;,,,,,,,,,,,,4,,,,,,,,,,,,,,;,,,,,,,,,,,,,,,,,,,,,,,,,,;,,,21,,,,,,,,,,,,,,,,11,,,,,27,,;,,,,,,,,,,,,,,,,,,,,,,,,,,;,,,,,,,,,,,10,,,,,,,,,,,,,,,;,,,,,,,,,,,,,,,,,,,,,,,,,,;,,,,,,22,,,,,,,,,,,,,,,,26,,,,;,,,,,,,,,,,,,,,,,,25,,,,,,,,;,,,,,,,,,,,,,24,,,,,,,,,,,,,;,,,,,,,,,23,,,,,,,,,,,,,,,,,",
         "Name" : "13C_Garage_Flake_3"
      },
      {
         "StartCorner" : "BL",
         "StrandsPerString" : 1,
         "StringCount" : 1,
         "Orientation" : "custom",
         "ChannelCountPerNode" : 3,
         "StartChannel" : 16096,
         "ChannelCount" : 90,
         "Type" : "Channel",
         "data" : ",,,,,,,,,,,,,,,,,14,,,,,,,,,;,,,,,,,,,,,,15,,,,,,,,,,,,,,;,,,,,,,,,,,,,,,,,,,,,,,,,,;,,,,,,,16,,,,,,,,,,,,,,,,,,,;,,,17,,,,,,,,,,,,,,,,,13,,,,,,;,,,,,,,,,,,,,,,,,,,,,,,,,,;,,,,,,,,,,,,,,,,7,,,,,,,,,,;,,,,,,,,,,,,,,,,,,,,,,,,,,;,,18,,,,,8,,,,,,,,,,,,,,,,30,,,;,,,,,,,,,,,,,,,,,,,,,,,,,,;,,,,,,,,,,,,,,,,,,,,,,,,,,;,,,,,,,,,,2,,,,1,,,,,,,,,,,,;,,,,,,,,,,,,,,,,,,,,,,,,,,29;,,,,,,,,,,,,,,,,,,,,,12,,,,,;,19,,,,,,,,,,,,,,,,6,,,,,,,,,;,,,,,,,,,,,,,,,,,,,,,,,,,,;,,,,,,,,,3,,,,,,,,,,,,,,,,28,;,,,,,9,,,,,,,,,,,,,,,,,,,,,;20,,,,,,,,,,,,,,,,5,,,,,,,,,,;,,,,,,,,,,,,4,,,,,,,,,,,,,,;,,,,,,,,,,,,,,,,,,,,,,,,,,;,,,21,,,,,,,,,,,,,,,,11,,,,,27,,;,,,,,,,,,,,,,,,,,,,,,,,,,,;,,,,,,,,,,,10,,,,,,,,,,,,,,,;,,,,,,,,,,,,,,,,,,,,,,,,,,;,,,,,,22,,,,,,,,,,,,,,,,26,,,,;,,,,,,,,,,,,,,,,,,25,,,,,,,,;,,,,,,,,,,,,,24,,,,,,,,,,,,,;,,,,,,,,,23,,,,,,,,,,,,,,,,,",
         "Name" : "13D_Garage_Flake_4"
      },
      {
         "StartCorner" : "BL",
         "StrandsPerString" : 1,
         "StringCount" : 1,
         "Orientation" : "custom",
         "ChannelCountPerNode" : 3,
         "StartChannel" : 16186,
         "ChannelCount" : 297,
         "Type" : "Channel",
         "data" : ",,,,,,,61,,60,,58,,57,,,,,,,;,,,,,,,,,,59,,,,,,,,,,;,,,,,,,62,,,,,,56,,,,,,,;,,,,,,,,,,,,,,,,,,,,;,,,,,,,63,,,,,,55,,,,,,,;,,,,,,,,,,54,,,,,,,,,,;,,,,,,,64,,,,,,53,,,,,,,;,,,,,,,,,,,,,,,,,,,,;,,,,,,,65,,,51,,,52,,,,,,,;,,,,,,,,,,,,,,,,,,,,;,,,,,,,66,,,,,,50,,,,,,,;,,,,,,,,,,49,,,,,,,,,,;75,74,,72,71,,69,67,,,,,,48,47,,46,45,,44,43;,,,,,,,,,,,,,,,,,,,,;76,,,,,,,,,,,,,,,,,,,,42;,77,,73,,70,,68,,,30,,,31,,34,,37,,41,;78,,,,,,,,,,,,,,,,,,,,40;,,,,,,,,,,,,,,,,,,,,;79,80,,81,82,,83,84,,,,,,32,33,,35,36,,38,39;,,,,,,,,,,29,,,,,,,,,,;,,,,,,,85,,,,,,28,,,,,,,;,,,,,,,,,,,,,,,,,,,,;,,,,,,,86,,,27,,,26,,,,,,,;,,,,,,,,,,,,,,,,,,,,;,,,,,,,87,,,,,,25,,,,,,,;,,,,,,,,,,,,,,,,,,,,;,,,,,,,88,,,24,,,23,,,,,,,;,,,,,,,,,,,,,,,,,,,,;,,,,,,,89,,,,,,22,,,,,,,;,,,,,,,,,,21,,,,,,,,,,;,,,,,,,90,,,,,,20,,,,,,,;,,,,,,,,,,,,,,,,,,,,;,,,,,,,91,,,19,,,18,,,,,,,;,,,,,,,,,,,,,,,,,,,,;,,,,,,,92,,,,,,17,,,,,,,;,,,,,,,,,,,,,,,,,,,,;,,,,,,,93,,,16,,,15,,,,,,,;,,,,,,,,,,,,,,,,,,,,;,,,,,,,94,,,,,,14,,,,,,,;,,,,,,,,,,13,,,,,,,,,,;,,,,,,,95,,,,,,12,,,,,,,;,,,,,,,,,,,,,,,,,,,,;,,,,,,,96,,,11,,,10,,,,,,,;,,,,,,,,,,,,,,,,,,,,;,,,,,,,97,,,,,,9,,,,,,,;,,,,,,,,,,,,,,,,,,,,;,,,,,,,98,,,8,,,7,,,,,,,;,,,,,,,,,,,,,,,,,,,,;,,,,,,,99,,,,,,6,,,,,,,;,,,,,,,,,,3,,,,,,,,,,;,,,,,,,,1,2,,4,5,,,,,,,,",
         "Name" : "13E_Garage_Cross"
      },
      {
         "StartCorner" : "BL",
         "StrandsPerString" : 1,
         "StringCount" : 1,
         "Orientation" : "custom",
         "ChannelCountPerNode" : 3,
         "StartChannel" : 16483,
         "ChannelCount" : 90,
         "Type" : "Channel",
         "data" : ",,,,,,,,,,,,,,,,,14,,,,,,,,,;,,,,,,,,,,,,15,,,,,,,,,,,,,,;,,,,,,,,,,,,,,,,,,,,,,,,,,;,,,,,,,16,,,,,,,,,,,,,,,,,,,;,,,17,,,,,,,,,,,,,,,,,13,,,,,,;,,,,,,,,,,,,,,,,,,,,,,,,,,;,,,,,,,,,,,,,,,,7,,,,,,,,,,;,,,,,,,,,,,,,,,,,,,,,,,,,,;,,18,,,,,8,,,,,,,,,,,,,,,,30,,,;,,,,,,,,,,,,,,,,,,,,,,,,,,;,,,,,,,,,,,,,,,,,,,,,,,,,,;,,,,,,,,,,2,,,,1,,,,,,,,,,,,;,,,,,,,,,,,,,,,,,,,,,,,,,,29;,,,,,,,,,,,,,,,,,,,,,12,,,,,;,19,,,,,,,,,,,,,,,,6,,,,,,,,,;,,,,,,,,,,,,,,,,,,,,,,,,,,;,,,,,,,,,3,,,,,,,,,,,,,,,,28,;,,,,,9,,,,,,,,,,,,,,,,,,,,,;20,,,,,,,,,,,,,,,,5,,,,,,,,,,;,,,,,,,,,,,,4,,,,,,,,,,,,,,;,,,,,,,,,,,,,,,,,,,,,,,,,,;,,,21,,,,,,,,,,,,,,,,11,,,,,27,,;,,,,,,,,,,,,,,,,,,,,,,,,,,;,,,,,,,,,,,10,,,,,,,,,,,,,,,;,,,,,,,,,,,,,,,,,,,,,,,,,,;,,,,,,22,,,,,,,,,,,,,,,,26,,,,;,,,,,,,,,,,,,,,,,,25,,,,,,,,;,,,,,,,,,,,,,24,,,,,,,,,,,,,;,,,,,,,,,23,,,,,,,,,,,,,,,,,",
         "Name" : "13F_Garage_Flake_5"
      },
      {
         "StartCorner" : "BL",
         "StrandsPerString" : 1,
         "StringCount" : 1,
         "Orientation" : "custom",
         "ChannelCountPerNode" : 3,
         "StartChannel" : 16573,
         "ChannelCount" : 90,
         "Type" : "Channel",
         "data" : ",,,,,,,,,,,,,,,,,14,,,,,,,,,;,,,,,,,,,,,,15,,,,,,,,,,,,,,;,,,,,,,,,,,,,,,,,,,,,,,,,,;,,,,,,,16,,,,,,,,,,,,,,,,,,,;,,,17,,,,,,,,,,,,,,,,,13,,,,,,;,,,,,,,,,,,,,,,,,,,,,,,,,,;,,,,,,,,,,,,,,,,7,,,,,,,,,,;,,,,,,,,,,,,,,,,,,,,,,,,,,;,,18,,,,,8,,,,,,,,,,,,,,,,30,,,;,,,,,,,,,,,,,,,,,,,,,,,,,,;,,,,,,,,,,,,,,,,,,,,,,,,,,;,,,,,,,,,,2,,,,1,,,,,,,,,,,,;,,,,,,,,,,,,,,,,,,,,,,,,,,29;,,,,,,,,,,,,,,,,,,,,,12,,,,,;,19,,,,,,,,,,,,,,,,6,,,,,,,,,;,,,,,,,,,,,,,,,,,,,,,,,,,,;,,,,,,,,,3,,,,,,,,,,,,,,,,28,;,,,,,9,,,,,,,,,,,,,,,,,,,,,;20,,,,,,,,,,,,,,,,5,,,,,,,,,,;,,,,,,,,,,,,4,,,,,,,,,,,,,,;,,,,,,,,,,,,,,,,,,,,,,,,,,;,,,21,,,,,,,,,,,,,,,,11,,,,,27,,;,,,,,,,,,,,,,,,,,,,,,,,,,,;,,,,,,,,,,,10,,,,,,,,,,,,,,,;,,,,,,,,,,,,,,,,,,,,,,,,,,;,,,,,,22,,,,,,,,,,,,,,,,26,,,,;,,,,,,,,,,,,,,,,,,25,,,,,,,,;,,,,,,,,,,,,,24,,,,,,,,,,,,,;,,,,,,,,,23,,,,,,,,,,,,,,,,,",
         "Name" : "13G_Garage_Flake_6"
      },
      {
         "StartCorner" : "BL",
         "StrandsPerString" : 1,
         "StringCount" : 1,
         "Orientation" : "custom",
         "ChannelCountPerNode" : 3,
         "StartChannel" : 16663,
         "ChannelCount" : 90,
         "Type" : "Channel",
         "data" : ",,,,,,,,,,,,,,,,,14,,,,,,,,,;,,,,,,,,,,,,15,,,,,,,,,,,,,,;,,,,,,,,,,,,,,,,,,,,,,,,,,;,,,,,,,16,,,,,,,,,,,,,,,,,,,;,,,17,,,,,,,,,,,,,,,,,13,,,,,,;,,,,,,,,,,,,,,,,,,,,,,,,,,;,,,,,,,,,,,,,,,,7,,,,,,,,,,;,,,,,,,,,,,,,,,,,,,,,,,,,,;,,18,,,,,8,,,,,,,,,,,,,,,,30,,,;,,,,,,,,,,,,,,,,,,,,,,,,,,;,,,,,,,,,,,,,,,,,,,,,,,,,,;,,,,,,,,,,2,,,,1,,,,,,,,,,,,;,,,,,,,,,,,,,,,,,,,,,,,,,,29;,,,,,,,,,,,,,,,,,,,,,12,,,,,;,19,,,,,,,,,,,,,,,,6,,,,,,,,,;,,,,,,,,,,,,,,,,,,,,,,,,,,;,,,,,,,,,3,,,,,,,,,,,,,,,,28,;,,,,,9,,,,,,,,,,,,,,,,,,,,,;20,,,,,,,,,,,,,,,,5,,,,,,,,,,;,,,,,,,,,,,,4,,,,,,,,,,,,,,;,,,,,,,,,,,,,,,,,,,,,,,,,,;,,,21,,,,,,,,,,,,,,,,11,,,,,27,,;,,,,,,,,,,,,,,,,,,,,,,,,,,;,,,,,,,,,,,10,,,,,,,,,,,,,,,;,,,,,,,,,,,,,,,,,,,,,,,,,,;,,,,,,22,,,,,,,,,,,,,,,,26,,,,;,,,,,,,,,,,,,,,,,,25,,,,,,,,;,,,,,,,,,,,,,24,,,,,,,,,,,,,;,,,,,,,,,23,,,,,,,,,,,,,,,,,",
         "Name" : "13H_Garage_Flake_7"
      },
      {
         "StartCorner" : "BL",
         "StrandsPerString" : 1,
         "StringCount" : 1,
         "Orientation" : "custom",
         "ChannelCountPerNode" : 3,
         "StartChannel" : 16753,
         "ChannelCount" : 90,
         "Type" : "Channel",
         "data" : ",,,,,,,,,,,,,,,,,14,,,,,,,,,;,,,,,,,,,,,,15,,,,,,,,,,,,,,;,,,,,,,,,,,,,,,,,,,,,,,,,,;,,,,,,,16,,,,,,,,,,,,,,,,,,,;,,,17,,,,,,,,,,,,,,,,,13,,,,,,;,,,,,,,,,,,,,,,,,,,,,,,,,,;,,,,,,,,,,,,,,,,7,,,,,,,,,,;,,,,,,,,,,,,,,,,,,,,,,,,,,;,,18,,,,,8,,,,,,,,,,,,,,,,30,,,;,,,,,,,,,,,,,,,,,,,,,,,,,,;,,,,,,,,,,,,,,,,,,,,,,,,,,;,,,,,,,,,,2,,,,1,,,,,,,,,,,,;,,,,,,,,,,,,,,,,,,,,,,,,,,29;,,,,,,,,,,,,,,,,,,,,,12,,,,,;,19,,,,,,,,,,,,,,,,6,,,,,,,,,;,,,,,,,,,,,,,,,,,,,,,,,,,,;,,,,,,,,,3,,,,,,,,,,,,,,,,28,;,,,,,9,,,,,,,,,,,,,,,,,,,,,;20,,,,,,,,,,,,,,,,5,,,,,,,,,,;,,,,,,,,,,,,4,,,,,,,,,,,,,,;,,,,,,,,,,,,,,,,,,,,,,,,,,;,,,21,,,,,,,,,,,,,,,,11,,,,,27,,;,,,,,,,,,,,,,,,,,,,,,,,,,,;,,,,,,,,,,,10,,,,,,,,,,,,,,,;,,,,,,,,,,,,,,,,,,,,,,,,,,;,,,,,,22,,,,,,,,,,,,,,,,26,,,,;,,,,,,,,,,,,,,,,,,25,,,,,,,,;,,,,,,,,,,,,,24,,,,,,,,,,,,,;,,,,,,,,,23,,,,,,,,,,,,,,,,,",
         "Name" : "13I_Garage_Flake_8"
      },
      {
         "StartCorner" : "BL",
         "StrandsPerString" : 5,
         "StringCount" : 1,
         "Orientation" : "vertical",
         "ChannelCountPerNode" : 3,
         "StartChannel" : 16843,
         "ChannelCount" : 255,
         "Type" : "Channel",
         "Name" : "14A_Tree_3"
      },
      {
         "StartCorner" : "BL",
         "StrandsPerString" : 1,
         "StringCount" : 1,
         "Orientation" : "horizontal",
         "ChannelCountPerNode" : 3,
         "StartChannel" : 17098,
         "ChannelCount" : 60,
         "Type" : "Channel",
         "Name" : "14B_Star_3"
      },
      {
         "StartCorner" : "BL",
         "StrandsPerString" : 5,
         "StringCount" : 1,
         "Orientation" : "vertical",
         "ChannelCountPerNode" : 3,
         "StartChannel" : 17158,
         "ChannelCount" : 255,
         "Type" : "Channel",
         "Name" : "14C_Tree_1"
      },
      {
         "StartCorner" : "BL",
         "StrandsPerString" : 1,
         "StringCount" : 1,
         "Orientation" : "horizontal",
         "ChannelCountPerNode" : 3,
         "StartChannel" : 17413,
         "ChannelCount" : 60,
         "Type" : "Channel",
         "Name" : "14D_Star_1"
      },
      {
         "StartCorner" : "BL",
         "StrandsPerString" : 5,
         "StringCount" : 1,
         "Orientation" : "vertical",
         "ChannelCountPerNode" : 3,
         "StartChannel" : 17473,
         "ChannelCount" : 255,
         "Type" : "Channel",
         "Name" : "15A_Tree_7"
      },
      {
         "StartCorner" : "BL",
         "StrandsPerString" : 1,
         "StringCount" : 1,
         "Orientation" : "horizontal",
         "ChannelCountPerNode" : 3,
         "StartChannel" : 17728,
         "ChannelCount" : 60,
         "Type" : "Channel",
         "Name" : "15B_Star_7"
      },
      {
         "StartCorner" : "BL",
         "StrandsPerString" : 5,
         "StringCount" : 1,
         "Orientation" : "vertical",
         "ChannelCountPerNode" : 3,
         "StartChannel" : 17788,
         "ChannelCount" : 255,
         "Type" : "Channel",
         "Name" : "15C_Tree_5"
      },
      {
         "StartCorner" : "BL",
         "StrandsPerString" : 1,
         "StringCount" : 1,
         "Orientation" : "horizontal",
         "ChannelCountPerNode" : 3,
         "StartChannel" : 18043,
         "ChannelCount" : 60,
         "Type" : "Channel",
         "Name" : "15D_Star_5"
      },
      {
         "StartCorner" : "BL",
         "StrandsPerString" : 5,
         "StringCount" : 1,
         "Orientation" : "vertical",
         "ChannelCountPerNode" : 3,
         "StartChannel" : 18103,
         "ChannelCount" : 150,
         "Type" : "Channel",
         "Name" : "16A_Tree_6"
      },
      {
         "StartCorner" : "BL",
         "StrandsPerString" : 1,
         "StringCount" : 1,
         "Orientation" : "horizontal",
         "ChannelCountPerNode" : 3,
         "StartChannel" : 18253,
         "ChannelCount" : 60,
         "Type" : "Channel",
         "Name" : "16B_Star_6"
      },
      {
         "StartCorner" : "BL",
         "StrandsPerString" : 5,
         "StringCount" : 1,
         "Orientation" : "vertical",
         "ChannelCountPerNode" : 3,
         "StartChannel" : 18313,
         "ChannelCount" : 150,
         "Type" : "Channel",
         "Name" : "16C_Tree_4"
      },
      {
         "StartCorner" : "BL",
         "StrandsPerString" : 1,
         "StringCount" : 1,
         "Orientation" : "horizontal",
         "ChannelCountPerNode" : 3,
         "StartChannel" : 18463,
         "ChannelCount" : 60,
         "Type" : "Channel",
         "Name" : "16D_Star_4"
      },
      {
         "StartCorner" : "BL",
         "StrandsPerString" : 5,
         "StringCount" : 1,
         "Orientation" : "vertical",
         "ChannelCountPerNode" : 3,
         "StartChannel" : 18523,
         "ChannelCount" : 150,
         "Type" : "Channel",
         "Name" : "16E_Tree_2"
      },
      {
         "StartCorner" : "BL",
         "StrandsPerString" : 1,
         "StringCount" : 1,
         "Orientation" : "horizontal",
         "ChannelCountPerNode" : 3,
         "StartChannel" : 18673,
         "ChannelCount" : 60,
         "Type" : "Channel",
         "Name" : "16F_Star_2"
      },
      {
         "StartCorner" : "BL",
         "StrandsPerString" : 5,
         "StringCount" : 3,
         "Orientation" : "vertical",
         "ChannelCountPerNode" : 3,
         "StartChannel" : 18733,
         "ChannelCount" : 4500,
         "Type" : "Channel",
         "Name" : "17_Mega_Tree"
      },
      {
         "StartCorner" : "BL",
         "StrandsPerString" : 1,
         "StringCount" : 1,
         "Orientation" : "custom",
         "ChannelCountPerNode" : 3,
         "StartChannel" : 23233,
         "ChannelCount" : 270,
         "Type" : "Channel",
         "data" : ",,,,,,,,,,,,,,,,,,,21,,,,,,,,,,,,,,,,,,,;,,,,,,,,,,,,,,,,,,,,,,,,,,,,,,,,,,,,,,;,,,,,,,,,,,,,,,,,,,,,,,,,,,,,,,,,,,,,,;,,,,,,,,,,,,,,,,,,20,,22,,,,,,,,,,,,,,,,,,;,,,,,,,,,,,,,,,,,,,,,,,,,,,,,,,,,,,,,,;,,,,,,,,,,,,,,,,,,,56,,,,,,,,,,,,,,,,,,,;,,,,,,,,,,,,,,,,,,,,,,,,,,,,,,,,,,,,,,;,,,,,,,,,,,,,,,,,19,,,,23,,,,,,,,,,,,,,,,,;,,,,,,,,,,,,,,,,,,55,,57,,,,,,,,,,,,,,,,,,;,,,,,,,,,,,,,,,,,,,,,,,,,,,,,,,,,,,,,,;,,,,,,,,,,,,,,,,18,,,81,,,24,,,,,,,,,,,,,,,,;,,,,,,,,,,,,,,,,,,,,,,,,,,,,,,,,,,,,,,;,,,,,,,,,,,,,,,,,54,,,,58,,,,,,,,,,,,,,,,,;,,,,,,,,,,,,,,,,,,80,,82,,,,,,,,,,,,,,,,,,;13,,,,14,,,15,,,,16,,,,17,,,,,,,,25,,,,26,,,,27,,,28,,,,29;,,,,,50,,,51,,,,52,,,,53,,,,,,59,,,,60,,,,61,,,62,,,,,;,,,12,,,,,,,,,,,,,,,,,,,,,,,,,,,,,,,,30,,,;,,,,,,,,49,77,,,,78,,,,79,,,,83,,,,84,,,,85,63,,,,,,,,;,,,,,,11,,,,,,,,,,,,,,,,,,,,,,,,,,31,,,,,,;,,,,,,,,,,,,76,,,,,,,,,,,,,,86,,,,,,,,,,,,;,,,,,,,,,10,,48,,,,,,,,,,,,,,,,64,,32,,,,,,,,,;,,,,,,,,,,,,,,,75,,,,,,,,87,,,,,,,,,,,,,,,;,,,,,,,,,,,,9,,47,,,,,,,,,,65,,33,,,,,,,,,,,,;,,,,,,,,,,,,,,,,,,,,,,,,,,,,,,,,,,,,,,;,,,,,,,,,,,,,,,,,,,71,,,,,,,,,,,,,,,,,,,;,,,,,,,,,,,,46,,74,,,,,,,,,,88,,66,,,,,,,,,,,,;,,,,,,,,,,,8,,,,,72,,,41,,,90,,,,,34,,,,,,,,,,,;,,,,,,,,,,,,,,,,,,,,,,,,,,,,,,,,,,,,,,;,,,,,,,,,,,,,73,,,42,,,1,,,70,,,89,,,,,,,,,,,,,;,,,,,,,,,7,,45,,,,,,,,,,,,,,,,67,,35,,,,,,,,,;,,,,,,,,,,,,,43,,,2,,,,,,40,,,69,,,,,,,,,,,,,;,,,,,,,,,,,,,,,,,,,,,,,,,,,,,,,,,,,,,,;,,,,,,,,,,44,,,3,,,,,,,,,,,,39,,,68,,,,,,,,,,;,,,,,,,,6,,,,,,,,,,,,,,,,,,,,,,36,,,,,,,,;,,,,,,,,,,4,,,,,,,,,,,,,,,,,,38,,,,,,,,,,;,,,,,,,,,,,,,,,,,,,,,,,,,,,,,,,,,,,,,,;,,,,,,,5,,,,,,,,,,,,,,,,,,,,,,,,37,,,,,,,",
         "Name" : "19_Mega_Topper"
      },
      {
         "StartCorner" : "BL",
         "StrandsPerString" : 1,
         "StringCount" : 1,
         "Orientation" : "horizontal",
         "ChannelCountPerNode" : 3,
         "StartChannel" : 1,
         "ChannelCount" : 900,
         "Type" : "Channel",
         "Name" : "21A_Garage_Roof_Left"
      },
      {
         "StartCorner" : "BL",
         "StrandsPerString" : 1,
         "StringCount" : 1,
         "Orientation" : "horizontal",
         "ChannelCountPerNode" : 3,
         "StartChannel" : 901,
         "ChannelCount" : 900,
         "Type" : "Channel",
         "Name" : "21B_Garage_Roof_Right"
      },
      {
         "StartCorner" : "BR",
         "StrandsPerString" : 1,
         "StringCount" : 1,
         "Orientation" : "horizontal",
         "ChannelCountPerNode" : 3,
         "StartChannel" : 1801,
         "ChannelCount" : 900,
         "Type" : "Channel",
         "Name" : "22A_Roof_Left_1"
      },
      {
         "StartCorner" : "BR",
         "StrandsPerString" : 1,
         "StringCount" : 1,
         "Orientation" : "horizontal",
         "ChannelCountPerNode" : 3,
         "StartChannel" : 2701,
         "ChannelCount" : 900,
         "Type" : "Channel",
         "Name" : "22B_Roof_Left_2"
      },
      {
         "StartCorner" : "BL",
         "StrandsPerString" : 1,
         "StringCount" : 1,
         "Orientation" : "horizontal",
         "ChannelCountPerNode" : 1,
         "StartChannel" : 3601,
         "ChannelCount" : 1,
         "Type" : "Channel",
         "Name" : "91_AC_1"
      },
      {
         "StartCorner" : "BL",
         "StrandsPerString" : 1,
         "StringCount" : 1,
         "Orientation" : "horizontal",
         "ChannelCountPerNode" : 1,
         "StartChannel" : 3602,
         "ChannelCount" : 1,
         "Type" : "Channel",
         "Name" : "91_AC_2"
      },
      {
         "StartCorner" : "BL",
         "StrandsPerString" : 1,
         "StringCount" : 1,
         "Orientation" : "horizontal",
         "ChannelCountPerNode" : 1,
         "StartChannel" : 3603,
         "ChannelCount" : 1,
         "Type" : "Channel",
         "Name" : "91_AC_3"
      },
      {
         "StartCorner" : "BL",
         "StrandsPerString" : 1,
         "StringCount" : 1,
         "Orientation" : "horizontal",
         "ChannelCountPerNode" : 1,
         "StartChannel" : 3604,
         "ChannelCount" : 1,
         "Type" : "Channel",
         "Name" : "91_AC_4"
      },
      {
         "StartCorner" : "BL",
         "StrandsPerString" : 1,
         "StringCount" : 1,
         "Orientation" : "horizontal",
         "ChannelCountPerNode" : 1,
         "StartChannel" : 3605,
         "ChannelCount" : 1,
         "Type" : "Channel",
         "Name" : "91_AC_5"
      },
      {
         "StartCorner" : "BL",
         "StrandsPerString" : 1,
         "StringCount" : 1,
         "Orientation" : "horizontal",
         "ChannelCountPerNode" : 1,
         "StartChannel" : 3606,
         "ChannelCount" : 1,
         "Type" : "Channel",
         "Name" : "91_AC_6"
      },
      {
         "StartCorner" : "BL",
         "StrandsPerString" : 1,
         "StringCount" : 1,
         "Orientation" : "horizontal",
         "ChannelCountPerNode" : 1,
         "StartChannel" : 3607,
         "ChannelCount" : 1,
         "Type" : "Channel",
         "Name" : "91_AC_7"
      },
      {
         "StartCorner" : "BL",
         "StrandsPerString" : 1,
         "StringCount" : 1,
         "Orientation" : "horizontal",
         "ChannelCountPerNode" : 1,
         "StartChannel" : 3608,
         "ChannelCount" : 1,
         "Type" : "Channel",
         "Name" : "91_AC_8"
      },
      {
         "StartCorner" : "BL",
         "StrandsPerString" : 1,
         "StringCount" : 1,
         "Orientation" : "horizontal",
         "ChannelCountPerNode" : 1,
         "StartChannel" : 3610,
         "ChannelCount" : 1,
         "Type" : "Channel",
         "Name" : "92_AC_10"
      },
      {
         "StartCorner" : "BL",
         "StrandsPerString" : 1,
         "StringCount" : 1,
         "Orientation" : "horizontal",
         "ChannelCountPerNode" : 1,
         "StartChannel" : 3611,
         "ChannelCount" : 1,
         "Type" : "Channel",
         "Name" : "92_AC_11"
      },
      {
         "StartCorner" : "BL",
         "StrandsPerString" : 1,
         "StringCount" : 1,
         "Orientation" : "horizontal",
         "ChannelCountPerNode" : 1,
         "StartChannel" : 3612,
         "ChannelCount" : 1,
         "Type" : "Channel",
         "Name" : "92_AC_12"
      },
      {
         "StartCorner" : "BL",
         "StrandsPerString" : 1,
         "StringCount" : 1,
         "Orientation" : "horizontal",
         "ChannelCountPerNode" : 1,
         "StartChannel" : 3613,
         "ChannelCount" : 1,
         "Type" : "Channel",
         "Name" : "92_AC_13"
      },
      {
         "StartCorner" : "BL",
         "StrandsPerString" : 1,
         "StringCount" : 1,
         "Orientation" : "horizontal",
         "ChannelCountPerNode" : 1,
         "StartChannel" : 3614,
         "ChannelCount" : 1,
         "Type" : "Channel",
         "Name" : "92_AC_14"
      },
      {
         "StartCorner" : "BL",
         "StrandsPerString" : 1,
         "StringCount" : 1,
         "Orientation" : "horizontal",
         "ChannelCountPerNode" : 1,
         "StartChannel" : 3615,
         "ChannelCount" : 1,
         "Type" : "Channel",
         "Name" : "92_AC_15"
      },
      {
         "StartCorner" : "BL",
         "StrandsPerString" : 1,
         "StringCount" : 1,
         "Orientation" : "horizontal",
         "ChannelCountPerNode" : 1,
         "StartChannel" : 3616,
         "ChannelCount" : 1,
         "Type" : "Channel",
         "Name" : "92_AC_16"
      },
      {
         "StartCorner" : "BL",
         "StrandsPerString" : 1,
         "StringCount" : 1,
         "Orientation" : "horizontal",
         "ChannelCountPerNode" : 1,
         "StartChannel" : 3617,
         "ChannelCount" : 1,
         "Type" : "Channel",
         "Name" : "92_AC_17"
      },
      {
         "StartCorner" : "BL",
         "StrandsPerString" : 1,
         "StringCount" : 1,
         "Orientation" : "horizontal",
         "ChannelCountPerNode" : 1,
         "StartChannel" : 3618,
         "ChannelCount" : 1,
         "Type" : "Channel",
         "Name" : "92_AC_18"
      },
      {
         "StartCorner" : "BL",
         "StrandsPerString" : 1,
         "StringCount" : 1,
         "Orientation" : "horizontal",
         "ChannelCountPerNode" : 1,
         "StartChannel" : 3619,
         "ChannelCount" : 1,
         "Type" : "Channel",
         "Name" : "92_AC_19"
      },
      {
         "StartCorner" : "BL",
         "StrandsPerString" : 1,
         "StringCount" : 1,
         "Orientation" : "horizontal",
         "ChannelCountPerNode" : 1,
         "StartChannel" : 3620,
         "ChannelCount" : 1,
         "Type" : "Channel",
         "Name" : "92_AC_20"
      },
      {
         "StartCorner" : "BL",
         "StrandsPerString" : 1,
         "StringCount" : 1,
         "Orientation" : "horizontal",
         "ChannelCountPerNode" : 1,
         "StartChannel" : 3621,
         "ChannelCount" : 1,
         "Type" : "Channel",
         "Name" : "92_AC_21"
      },
      {
         "StartCorner" : "BL",
         "StrandsPerString" : 1,
         "StringCount" : 1,
         "Orientation" : "horizontal",
         "ChannelCountPerNode" : 1,
         "StartChannel" : 3622,
         "ChannelCount" : 1,
         "Type" : "Channel",
         "Name" : "92_AC_22"
      },
      {
         "StartCorner" : "BL",
         "StrandsPerString" : 1,
         "StringCount" : 1,
         "Orientation" : "horizontal",
         "ChannelCountPerNode" : 1,
         "StartChannel" : 3623,
         "ChannelCount" : 1,
         "Type" : "Channel",
         "Name" : "92_AC_23"
      },
      {
         "StartCorner" : "BL",
         "StrandsPerString" : 1,
         "StringCount" : 1,
         "Orientation" : "horizontal",
         "ChannelCountPerNode" : 1,
         "StartChannel" : 3609,
         "ChannelCount" : 1,
         "Type" : "Channel",
         "Name" : "92_AC_9"
      },
      {
         "StartCorner" : "BL",
         "StrandsPerString" : 1,
         "StringCount" : 1,
         "Orientation" : "vertical",
         "ChannelCountPerNode" : 1,
         "StartChannel" : 3624,
         "ChannelCount" : 1,
         "Type" : "Channel",
         "Name" : "93_AC_24_Magnolia_Tree"
      },
      {
         "ChannelCount" : 180,
         "ChannelCountPerNode" : 3,
         "Type" : "Channel",
         "Name" : "01A_Piano_Right",
         "Orientation" : "horizontal",
         "StartCorner" : "BL",
         "StrandsPerString" : 1,
         "StartChannel" : 25,
         "StringCount" : 1
      }
   ]
}
